{
  "cardboard": {
    "precision": 0.0,
    "recall": 0.0,
    "f1-score": 0.0,
    "support": 0.0
  },
  "glass": {
    "precision": 0.0,
    "recall": 0.0,
    "f1-score": 0.0,
    "support": 0.0
  },
  "metal": {
    "precision": 0.0,
    "recall": 0.0,
    "f1-score": 0.0,
    "support": 0.0
  },
  "paper": {
    "precision": 0.0,
    "recall": 0.0,
    "f1-score": 0.0,
    "support": 0.0
  },
  "plastic": {
    "precision": 0.959866220735786,
    "recall": 0.779891304347826,
    "f1-score": 0.8605697151424287,
    "support": 368.0
  },
  "trash": {
    "precision": 0.9080459770114943,
    "recall": 0.5766423357664233,
    "f1-score": 0.7053571428571429,
    "support": 137.0
  },
  "accuracy": 0.7247524752475247,
  "macro avg": {
    "precision": 0.3113186996245467,
    "recall": 0.22608894001904156,
    "f1-score": 0.26098780966659524,
    "support": 505.0
  },
  "weighted avg": {
    "precision": 0.9458080556066216,
    "recall": 0.7247524752475247,
    "f1-score": 0.8184625420670146,
    "support": 505.0
  }
}